{
  "group": "minecraftmod",
  "type": "minecraft:crafting_shaped",
  "pattern": [
    " 1 ",
    "345",
    " 7 "
  ],
  "key": {
    "1": {
      "item": "minecraftmod:purple_cap_mushroom"
    },
    "3": {
      "item": "minecraftmod:purple_cap_mushroom"
    },
    "4": {
      "item": "minecraft:honey_bottle"
    },
    "5": {
      "item": "minecraftmod:purple_cap_mushroom"
    },
    "7": {
      "item": "minecraft:bowl"
    }
  },
  "result": {
    "item": "minecraftmod:purplecap",
    "count": 1
  }
}