{
  "_fv": 18,
  "_type": "food",
  "definition": {
    "renderType": 0,
    "texture": "honey_soup",
    "customModelName": "Normal",
    "name": "Bowl of Honey",
    "rarity": "COMMON",
    "specialInfo": [],
    "creativeTab": {
      "value": "CUSTOM:LoblineTab"
    },
    "stackSize": 64,
    "nutritionalValue": 4,
    "saturation": 0.1,
    "eatingSpeed": 32,
    "resultItem": {
      "value": "Items.BOWL"
    },
    "forDogs": false,
    "isAlwaysEdible": false,
    "animation": "eat",
    "hasGlow": false,
    "onEaten": {
      "name": "BowlofHoneyFoodEaten"
    }
  }
}