{
  "_fv": 18,
  "_type": "tool",
  "definition": {
    "renderType": 0,
    "texture": "lobline_sword",
    "customModelName": "Normal",
    "name": "Lobline Sword",
    "specialInfo": [],
    "creativeTab": {
      "value": "CUSTOM:LoblineTab"
    },
    "toolType": "Sword",
    "harvestLevel": 1,
    "efficiency": 6.0,
    "attackSpeed": 1.6,
    "enchantability": 10,
    "damageVsEntity": 10.0,
    "usageCount": 290,
    "blocksAffected": [],
    "hasGlow": false,
    "repairItems": [
      {
        "value": "CUSTOM:Lobline"
      }
    ],
    "immuneToFire": false,
    "stayInGridWhenCrafting": false,
    "damageOnCrafting": false,
    "onCrafted": {
      "name": "LoblineSwordItemIsCraftedsmelted"
    }
  }
}