{
  "_fv": 18,
  "_type": "armor",
  "definition": {
    "enableHelmet": true,
    "textureHelmet": "lobline_armor_head",
    "enableBody": true,
    "textureBody": "lobline_armor_body",
    "enableLeggings": true,
    "textureLeggings": "lobline_armor_leggings",
    "enableBoots": true,
    "textureBoots": "lobline_armor_boots",
    "onLeggingsTick": {
      "name": "LoblineArmorLeggingsTickEvent"
    },
    "onBootsTick": {
      "name": "LoblineArmorBootsTickEvent"
    },
    "creativeTab": {
      "value": "CUSTOM:LoblineTab"
    },
    "armorTextureFile": "lobline_armor",
    "helmetName": "Lobline Helmet",
    "bodyName": "Lobline Body",
    "leggingsName": "Lobline Leggings",
    "bootsName": "Lobline Boots",
    "helmetSpecialInfo": [],
    "bodySpecialInfo": [],
    "leggingsSpecialInfo": [],
    "bootsSpecialInfo": [],
    "helmetModelName": "Default",
    "helmetModelPart": "Helmet",
    "helmetModelTexture": "From armor",
    "bodyModelName": "Default",
    "bodyModelPart": "Body",
    "armsModelPartL": "Arms L",
    "armsModelPartR": "Arms R",
    "bodyModelTexture": "From armor",
    "leggingsModelName": "Default",
    "leggingsModelPartL": "Leggings L",
    "leggingsModelPartR": "Leggings R",
    "leggingsModelTexture": "From armor",
    "bootsModelName": "Default",
    "bootsModelPartL": "Boots L",
    "bootsModelPartR": "Boots R",
    "bootsModelTexture": "From armor",
    "maxDamage": 25,
    "damageValueHelmet": 4,
    "damageValueBody": 8,
    "damageValueLeggings": 7,
    "damageValueBoots": 2,
    "enchantability": 9,
    "toughness": 0.0,
    "knockbackResistance": 0.0,
    "equipSound": {
      "value": ""
    },
    "repairItems": [
      {
        "value": "CUSTOM:Lobline"
      }
    ]
  }
}