{
  "_fv": 18,
  "_type": "recipe",
  "definition": {
    "recipeType": "Crafting",
    "xpReward": 0.0,
    "cookingTime": 200,
    "recipeRetstackSize": 1,
    "group": "",
    "recipeShapeless": false,
    "recipeSlots": [
      {
        "value": ""
      },
      {
        "value": "CUSTOM:PurpleCapMushroom"
      },
      {
        "value": ""
      },
      {
        "value": "CUSTOM:PurpleCapMushroom"
      },
      {
        "value": "Items.HONEY_BOTTLE"
      },
      {
        "value": "CUSTOM:PurpleCapMushroom"
      },
      {
        "value": ""
      },
      {
        "value": "Items.BOWL"
      },
      {
        "value": ""
      }
    ],
    "recipeReturnStack": {
      "value": "CUSTOM:Purplecap"
    },
    "name": "purpkecap_stewcrafting",
    "namespace": "mod"
  }
}