{
  "_fv": 18,
  "_type": "gun",
  "definition": {
    "renderType": 0,
    "texture": "quirk",
    "customModelName": "Normal",
    "name": "Quirk",
    "specialInfo": [],
    "creativeTab": {
      "value": "CUSTOM:LoblineTab"
    },
    "stackSize": 1,
    "ammoItem": {
      "value": "Items.ARROW"
    },
    "shootConstantly": false,
    "usageCount": 100,
    "actionSound": {
      "value": "entity.arrow.shoot"
    },
    "hasGlow": false,
    "animation": "spear",
    "enableMeleeDamage": false,
    "damageVsEntity": 0.0,
    "bulletPower": 1.0,
    "bulletDamage": 5.0,
    "bulletKnockback": 5,
    "bulletParticles": false,
    "bulletIgnitesFire": false,
    "bulletItemTexture": {
      "value": "Items.ARROW"
    },
    "bulletModel": "Default",
    "customBulletModelTexture": ""
  }
}