{
  "variants": {
    "facing=south": {
      "model": "minecraftmod:block/purple_planks"
    },
    "facing=north": {
      "model": "minecraftmod:block/purple_planks"
    },
    "facing=east": {
      "model": "minecraftmod:block/purple_planks",
      "x": 90
    },
    "facing=west": {
      "model": "minecraftmod:block/purple_planks",
      "x": 90
    },
    "facing=up": {
      "model": "minecraftmod:block/purple_planks",
      "x": 90,
      "y": 90
    },
    "facing=down": {
      "model": "minecraftmod:block/purple_planks",
      "x": 90,
      "y": 90
    }
  }
}